[
  {
    "id": 0,
    "name": "Home",
    "accessible": false,
    "accessibleCondition": "",
    "accessItem": "",
    "nextLoc": [
      100,
      100,
      100,
      1
    ],
    "description": "c asdf asd asd asd as",
    "items": [
      "torch",
      "knife",
      "compass"
    ],
    "enemies": {
      "name": "",
      "health": 0,
      "damage": 0,
      "weapon": ""
    }
  },
  {
    "id": 1,
    "name": "Light House",
    "accessible": false,
    "accessibleCondition": "",
    "accessItem": "",
    "nextLoc": [
      0,
      2,
      100,
      3
    ],
    "description": "dfasf sdf sd",
    "items": [],
    "enemies": {
      "name": "graveller",
      "health": 50,
      "damage": 50,
      "weapon": "rock throw"
    }
  }
]