[
  {
    "id": 0,
    "name": "A",
    "nextLoc": [
      6,
      100,
      1,
      100
    ]
  },
  {
    "id": 1,
    "name": "B",
    "nextLoc": [
      2,
      0,
      100,
      100
    ]
  },
  {
    "id": 2,
    "name": "C",
    "nextLoc": [
      3,
      6,
      5,
      1
    ]
  },
  {
    "id": 3,
    "name": "D",
    "nextLoc": [
      100,
      100,
      4,
      2
    ]
  },
  {
    "id": 4,
    "name": "E",
    "nextLoc": [
      100,
      3,
      100,
      5
    ]
  },
  {
    "id": 5,
    "name": "F",
    "nextLoc": [
      4,
      2,
      100,
      100
    ]
  },
  {
    "id": 6,
    "name": "G",
    "nextLoc": [
      100,
      100,
      2,
      0
    ]
  }
]